"","word","n"
"1","women",556
"2","sexual",409
"3","sistar",361
"4","movement",349
"5","korea's",315
"6","vcr2017",271
"7","girls",269
"8","withyou",251
"9","world",249
"10","assault",208
"11","anthem",199
"12","harassment",190
"13","girls_can_do_anything",179
"14","generation's",171
"15","forward",169
"16","wh",166
"17","admits",164
"18","denies",164
"19","pays",164
"20","tape",164
"21","campaign",148
"22","entertainment",135
"23","shocking",132
"24","industry",131
"25","erupted",128
"26","ice",128
"27","mountain",128
"28","recently",128
"29","snsd",104
"30","lgbt",97
"31","uni",97
"32","ewha",94
"33","itnw",94
"34","timesup",73
"35","love",57
"36","story",57
"37","maga",56
"38","rrbc",56
"39","people",55
"40","trump",52
"41","meto",50
"42","naver",49
"43","neveragain",49
"44","f4",47
"45","retweet",47
"46","ptsd",46
"47","woman",45
"48","shared",44
"49","heard",43
"50","thinking",41
"51","week",40
"52","iartg",39
"53","sin",39
"54","50_",38
"55","worker",37
"56","day",36
"57","episode",36
"58","national",36
"59","hosted",35
"60","nonstop",35
"61","para",35
"62","pennsylvania",34
"63","ian1",33
"64","reese",32
"65","remember",32
"66","victims",32
"67","witherspoon",32
"68","dont",31
"69","quiet",31
"70","60_",30
"71","internationalwomensday",30
"72","time",29
"73","asmsg",28
"74","sex",28
"75","court",27
"76","female",27
"77","moment",27
"78","america",26
"79","rpbp",26
"80","witch",25
"81","book",24
"82","bookboost",24
"83","god",24
"84","iwd2018",24
"85","53",23
"86","news",23
"87","speak",23
"88","cr4u",22
"89","heart",22
"90","jesus",22
"91","parkland",22
"92","stand",22
"93","trumprussia",22
"94","78",21
"95","accused",21
"96","founder",21
"97","korean",21
"98","march",21
"99","womensday",21
"100","16_",20
"101","conservative",20
"102","cyprus",20
"103","fighting",20
"104","gun",20
"105","hold",20
"106","powerful",20
"107","rally",20
"108","27_",19
"109","abuse",19
"110","change",19
"111","dern",19
"112","farm",19
"113","globes",19
"114","golden",19
"115","laura",19
"116","organization",19
"117","survivors",19
"118","usa",19
"119","30",18
"120","anti",18
"121","charlottesville",18
"122","home",18
"123","inspiring",18
"124","movimento",18
"125","ready",18
"126","sign",18
"127","support",18
"128","6",17
"129","cancer",17
"130","fire",17
"131","heatherheyer",17
"132","marchforourlives",17
"133","nra",17
"134","security",17
"135","south",17
"136","students",17
"137","womenshistorymonth",17
"138","age",16
"139","aka",16
"140","america's",16
"141","article",16
"142","heaven",16
"143","honest",16
"144","impeachment",16
"145","jominki",16
"146","korea",16
"147","korean's",16
"148","memoir",16
"149","protest",16
"150","rise",16
"151","snsd's",16
"152","watch",16
"153","wetoo",16
"154","wrenching",16
"155","3_",15
"156","apology",15
"157","boycottabc",15
"158","corporate",15
"159","fits",15
"160","joybehar",15
"161","learn",15
"162","male",15
"163","offended",15
"164","party",15
"165","report",15
"166","tweeting",15
"167","water",15
"168","150",14
"169","57",14
"170","catalyst",14
"171","ceo",14
"172","childhoodcancer",14
"173","debate",14
"174","democrat",14
"175","fair",14
"176","family",14
"177","found",14
"178","honor",14
"179","inmates",14
"180","lewinsky",14
"181","list",14
"182","mayor",14
"183","monica",14
"184","nashville's",14
"185","sea",14
"186","sjackson",14
"187","stop",14
"188","time's",14
"189","03",13
"190","100",13
"191","20_",13
"192","activists",13
"193","again.needs",13
"194","blacklivesmatter",13
"195","cover",13
"196","film",13
"197","free",13
"198","liberal",13
"199","life",13
"200","movimiento",13
"201","muslim",13
"202","prisoners",13
"203","read",13
"204","reports",13
"205","tcot",13
"206","tf",13
"207","theresistance",13
"208","15",12
"209","17_",12
"210","1billionrising",12
"211","brotherhood",12
"212","cair",12
"213","calling",12
"214","country",12
"215","education",12
"216","feature",12
"217","hollywood",12
"218","house",12
"219","los",12
"220","meet",12
"221","moon",12
"222","panel",12
"223","rape",12
"224","rights",12
"225","sydney",12
"226","talking",12
"227","true",12
"228","woman's",12
"229","13",11
"230","20",11
"231","amazing",11
"232","amber",11
"233","como",11
"234","customer",11
"235","david",11
"236","deal",11
"237","enovaaw",11
"238","entire",11
"239","feminist",11
"240","fightfor15",11
"241","footage",11
"242","forget",11
"243","global",11
"244","hey",11
"245","hospo",11
"246","hour",11
"247","info",11
"248","islamic",11
"249","knife",11
"250","lot",11
"251","met",11
"252","mujeres",11
"253","opalismeeee",11
"254","pdf1",11
"255","photo",11
"256","pictures",11
"257","piece",11
"258","power",11
"259","romance",11
"260","shareusa",11
"261","survivor",11
"262","threat",11
"263","threatened",11
"264","told",11
"265","trauma",11
"266","womengrow",11
"267","womensmarch",11
"268","_3",10
"269","14",10
"270","1st",10
"271","2002_",10
"272","abuso",10
"273","ahead",10
"274","bullying",10
"275","clock",10
"276","community",10
"277","dating",10
"278","days",10
"279","decision",10
"280","digital",10
"281","doc",10
"282","faneromeni",10
"283","festival",10
"284","gender",10
"285","harris",10
"286","jones",10
"287","lover",10
"288","move",10
"289","nicosia",10
"290","og",10
"291","pouring",10
"292","protesting",10
"293","resist",10
"294","rising",10
"295","square",10
"296","strong",10
"297","sunday",10
"298","tale",10
"299","terrorist",10
"300","trumpcolluded",10
"301","uplifting",10
"302","wolfe",10
"303","youre",10
"304","2010",9
"305","ago",9
"306","assaulted",9
"307","bitcoin",9
"308","black",9
"309","boa",9
"310","bono",9
"311","brave",9
"312","bringing",9
"313","church",9
"314","contact",9
"315","coreia",9
"316","di",9
"317","don",9
"318","expor",9
"319","feminism",9
"320","feminismo",9
"321","foi",9
"322","guest",9
"323","hino",9
"324","international",9
"325","jo",9
"326","ki",9
"327","law",9
"328","matter",9
"329","medicine",9
"330","min",9
"331","na",9
"332","neverag",9
"333","offenders",9
"334","parenting",9
"335","personal",9
"336","phoenixes",9
"337","photos",9
"338","service",9
"339","share",9
"340","site",9
"341","top",9
"342","usado",9
"343","ve",9
"344","version",9
"345","26",8
"346","52",8
"347","abj's",8
"348","alas",8
"349","allaboutwomen",8
"350","ban",8
"351","bet",8
"352","blocked",8
"353","born",8
"354","boy",8
"355","cann",8
"356","caras",8
"357","clinton",8
"358","congress",8
"359","da",8
"360","daniel",8
"361","dayjust",8
"362","dead",8
"363","desatado",8
"364","discussion",8
"365","embarrassment",8
"366","entender",8
"367","equal",8
"368","fr",8
"369","georgia",8
"370","guncontrol",8
"371","happy",8
"372","hashtag",8
"373","herd's",8
"374","human",8
"375","infant",8
"376","infinitechallenge",8
"377","inspired",8
"378","interview",8
"379","join",8
"380","left",8
"381","liberals",8
"382","literally",8
"383","makes",8
"384","mejor",8
"385","nicole",8
"386","oscars",8
"387","palestinian",8
"388","planet",8
"389","recent",8
"390","reputation",8
"391","salazar",8
"392","seguir",8
"393","silence",8
"394","stories",8
"395","straight",8
"396","textos",8
"397","treat",8
"398","vi",8
"399","visit",8
"400","welovememoirs",8
"401","white",8
"402","whitney",8
"403","women's",8
"404","womensday2018",8
"405","workplace",8
"406","yeg",8
"407","zone",8
"408","30_",7
"409","4",7
"410","abuses",7
"411","aceofspades",7
"412","andrew",7
"413","bill",7
"414","booklovers",7
"415","breaking",7
"416","ca",7
"417","caring",7
"418","continue",7
"419","courtesy",7
"420","crews",7
"421","dana",7
"422","defense",7
"423","det",7
"424","faith",7
"425","genuinely",7
"426","get'em",7
"427","girl's",7
"428","gobonobos",7
"429","held",7
"430","history",7
"431","hope",7
"432","ht",7
"433","idea",7
"434","interrupted",7
"435","jtbc",7
"436","k12",7
"437","kamu",7
"438","kenapa",7
"439","kindle",7
"440","kitchen",7
"441","loesch",7
"442","marchonyeg",7
"443","mental",7
"444","miss",7
"445","months",7
"446","motherhood",7
"447","prominent",7
"448","reality",7
"449","rendition",7
"450","republican",7
"451","requested",7
"452","resistance",7
"453","safe",7
"454","sanguine",7
"455","scbwi",7
"456","send",7
"457","speaks",7
"458","sxsw",7
"459","t4us",7
"460","term",7
"461","terrible",7
"462","terry",7
"463","tribute",7
"464","trumptrain",7
"465","undergo",7
"466","unlike",7
"467","urged",7
"468","voice",7
"469","vote",7
"470","wake",7
"471","weinstein",7
"472","wrong",7
"473","yegwomen",7
"474","yrs",7
"475","7",6
"476","930,000",6
"477","actor",6
"478","admitted",6
"479","adult",6
"480","airing",6
"481","allegations",6
"482","anger",6
"483","behaviour",6
"484","blackliv",6
"485","bookplugs",6
"486","bragging",6
"487","bystander",6
"488","carrying",6
"489","cbc",6
"490","center",6
"491","centuries",6
"492","checked",6
"493","chemo",6
"494","children",6
"495","chivalry",6
"496","christian",6
"497","churchtoo",6
"498","commissioner",6
"499","con",6
"500","conversation",6
"501","cptsd",6
"502","democrats",6
"503","denigrating",6
"504","detonate",6
"505","documentary",6
"506","domesticviolence",6
"507","essay",6
"508","expressing",6
"509","fans",6
"510","fires",6
"511","fridayfeeling",6
"512","hijab",6
"513","hunted",6
"514","inherentl",6
"515","internationalwomensday2018",6
"516","jjchc",6
"517","kidlit",6
"518","killed",6
"519","krauss",6
"520","ladies",6
"521","loud",6
"522","mentalhealth",6
"523","ministes",6
"524","mom",6
"525","momlife",6
"526","movements",6
"527","moving",6
"528","nomore",6
"529","noon",6
"530","offer",6
"531","om",6
"532","opinion",6
"533","peopledominating",6
"534","picturebook",6
"535","placards",6
"536","poignant",6
"537","popular",6
"538","post",6
"539","protect",6
"540","ptg",6
"541","ravaged",6
"542","republicans",6
"543","respond",6
"544","sam",6
"545","senator",6
"546","sexually",6
"547","shares",6
"548","shoot",6
"549","shot",6
"550","skin",6
"551","smell",6
"552","smoke",6
"553","sont",6
"554","spd",6
"555","spe",6
"556","speaker",6
"557","speaking",6
"558","special",6
"559","standing",6
"560","survive",6
"561","tirade",6
"562","toutes",6
"563","treated",6
"564","truestory",6
"565","tryna",6
"566","tv",6
"567","twitter",6
"568","unlikeable",6
"569","veterans",6
"570","western",6
"571","wmwyeg",6
"572","writers",6
"573","1_",5
"574","10_",5
"575","1910s",5
"576","2015_",5
"577","3ways",5
"578","aarhus",5
"579","abused",5
"580","addressing",5
"581","agree",5
"582","amazonprime",5
"583","angels",5
"584","april",5
"585","arbejdsmarkedet",5
"586","award",5
"587","aware",5
"588","bar",5
"589","blame",5
"590","blm",5
"591","brilliant",5
"592","called",5
"593","cannabis",5
"594","challenge",5
"595","chammartin",5
"596","channel",5
"597","child",5
"598","choices",5
"599","choose",5
"600","conc",5
"601","concept",5
"602","concerned",5
"603","concerns",5
"604","content",5
"605","conversations",5
"606","cowardly",5
"607","cyber",5
"608","cyberhate",5
"609","dangers",5
"610","dc",5
"611","discussed",5
"612","dodging",5
"613","doubt",5
"614","dude",5
"615","dunwoody",5
"616","editorial",5
"617","editors",5
"618","empowerment",5
"619","energy",5
"620","ensuring",5
"621","er",5
"622","era",5
"623","evaluatio",5
"624","experienced",5
"625","falsely",5
"626","filmmaker",5
"627","fly",5
"628","fra",5
"629","gangguan",5
"630","gdc's",5
"631","glad",5
"632","gordon",5
"633","guy",5
"634","harasser",5
"635","harassing",5
"636","harveyweinstein",5
"637","health",5
"638","holder",5
"639","http",5
"640","igno",5
"641","itu",5
"642","itunes",5
"643","jessica",5
"644","jimmy",5
"645","kane",5
"646","kerja",5
"647","klinic",5
"648","lawan",5
"649","lawsuit",5
"650","lead",5
"651","linked",5
"652","lo",5
"653","mainstream",5
"654","malala",5
"655","marijuana",5
"656","med",5
"657","mengenai",5
"658","music",5
"659","notnolan",5
"660","obama",5
"661","och",5
"662","olympics",5
"663","patriarki",5
"664","pay",5
"665","perfect",5
"666","performers",5
"667","pill",5
"668","pjnet",5
"669","police",5
"670","posttrau",5
"671","professor",5
"672","publishers",5
"673","racism",5
"674","red",5
"675","reflect",5
"676","remind",5
"677","remote",5
"678","remove",5
"679","renamehonoluluairport",5
"680","repost",5
"681","reprimand",5
"682","resulted",5
"683","review",5
"684","riseresistunite",5
"685","rogol",5
"686","seksual",5
"687","selfie",5
"688","sending",5
"689","shafer",5
"690","soccer",5
"691","solution",5
"692","som",5
"693","son",5
"694","speakers",5
"695","successful",5
"696","suffrage",5
"697","supported",5
"698","sustained",5
"699","tahu",5
"700","talks",5
"701","target",5
"702","team",5
"703","television",5
"704","tempat",5
"705","terribly",5
"706","thi",5
"707","thisisv20",5
"708","times",5
"709","timesuphawaii",5
"710","timesupinouye",5
"711","timesuptrump",5
"712","trolling",5
"713","truth",5
"714","tryghed",5
"715","u.s",5
"716","uk",5
"717","university",5
"718","untiltheviolencestops",5
"719","useless",5
"720","usw",5
"721","video",5
"722","violence",5
"723","wa",5
"724","wasting",5
"725","winnipeg",5
"726","wolf",5
"727","womenshistory",5
"728","words",5
"729","worth",5
"730","wrote",5
"731","yalit",5
"732","2019",4
"733","2020",4
"734","25amendment",4
"735","2dangerous2keep",4
"736","40",4
"737","45or",4
"738","5yo",4
"739","5yr",4
"740","accuse",4
"741","actors",4
"742","alex",4
"743","alliance",4
"744","anarchist",4
"745","anita",4
"746","appalling",4
"747","ar",4
"748","art",4
"749","asm",4
"750","att",4
"751","attention",4
"752","awesome",4
"753","awful",4
"754","balancetonporc",4
"755","beautiful",4
"756","beca",4
"757","behalf",4
"758","belief",4
"759","blackpanther",4
"760","boys",4
"761","briefingslearn",4
"762","britishcolumbia",4
"763","byline",4
"764","cait",4
"765","canada",4
"766","celebrate",4
"767","charmer",4
"768","china",4
"769","claims",4
"770","colony",4
"771","continues2",4
"772","contra",4
"773","contrary",4
"774","county",4
"775","daily",4
"776","dan",4
"777","decide",4
"778","deserve",4
"779","despair",4
"780","die",4
"781","dig",4
"782","diplomacy",4
"783","district",4
"784","dragged",4
"785","draintheswamp",4
"786","dreadful",4
"787","drive",4
"788","educate",4
"789","embodies",4
"790","enforcement",4
"791","equality",4
"792","evidence",4
"793","featuring",4
"794","finally",4
"795","fletcher",4
"796","foreignaffairs",4
"797","fraught",4
"798","ge",4
"799","ghastly",4
"800","ghazi",4
"801","girlfriend",4
"802","girlpower",4
"803","gonna",4
"804","gop",4
"805","guess",4
"806","handle",4
"807","harassed",4
"808","hard",4
"809","hell",4
"810","honesty",4
"811","horrific",4
"812","horrifying",4
"813","horror",4
"814","hospital",4
"815","ignoramus",4
"816","immigration",4
"817","impeachtrump",4
"818","impression",4
"819","imwithcrews",4
"820","incarcerated",4
"821","internationalwomansday",4
"822","issue",4
"823","jess",4
"824","joy",4
"825","kacey",4
"826","kellcey",4
"827","kells",4
"828","kiselyov",4
"829","ladd",4
"830","lasting",4
"831","leaders",4
"832","legislature",4
"833","letter",4
"834","listening",4
"835","london",4
"836","maintenantonagit",4
"837","makemethinkin5words",4
"838","maxwell",4
"839","mcmahon",4
"840","mefirst",4
"841","millions",4
"842","mind",4
"843","mother's",4
"844","moves",4
"845","movie",4
"846","mulheres",4
"847","multnomah",4
"848","muscular",4
"849","negative",4
"850","night",4
"851","norm",4
"852","ny",4
"853","office",4
"854","ou",4
"855","pain",4
"856","parklandstudents",4
"857","partly",4
"858","partners",4
"859","pass",4
"860","past",4
"861","perfectly",4
"862","personally",4
"863","policy",4
"864","posted",4
"865","predators",4
"866","publichealth",4
"867","qanon",4
"868","questions",4
"869","racist",4
"870","radio",4
"871","raised",4
"872","rallied",4
"873","realnews",4
"874","refuse2read",4
"875","reinventing",4
"876","scandal.com",4
"877","scientificfact",4
"878","scientificmethod",4
"879","screwed",4
"880","season",4
"881","seria",4
"882","sexualabuse",4
"883","sexualassault",4
"884","sexualharassment",4
"885","sharon",4
"886","shit",4
"887","shou",4
"888","signaling",4
"889","silenceisnotspiritual",4
"890","sleep",4
"891","soul",4
"892","spoke",4
"893","statement",4
"894","stormy",4
"895","su",4
"896","suicide",4
"897","supporters",4
"898","survival",4
"899","survivorculture",4
"900","sustain",4
"901","taking",4
"902","teach",4
"903","tech",4
"904","til",4
"905","till",4
"906","tired",4
"907","tools",4
"908","touch",4
"909","track",4
"910","tragedy",4
"911","training",4
"912","trouble",4
"913","understand",4
"914","victim",4
"915","violencia",4
"916","virtue",4
"917","wanita",4
"918","wetweetclean",4
"919","womenempowerment",4
"920","wore",4
"921","wow",4
"922","wtf",4
"923","xx9kxgwcozw",4
"924","ytn",4
"925","_6",3
"926","1000",3
"927","11_",3
"928","12th",3
"929","16",3
"930","1929",3
"931","1pm",3
"932","2015",3
"933","301",3
"934","337",3
"935","371tv18",3
"936","4_",3
"937","90",3
"938","99.9",3
"939","absolute",3
"940","absorbed",3
"941","abu",3
"942","abuser",3
"943","acoso",3
"944","action",3
"945","actions",3
"946","active",3
"947","activism",3
"948","administrat",3
"949","adventure",3
"950","advocacy",3
"951","aftermath",3
"952","aid",3
"953","american",3
"954","americans",3
"955","amistad",3
"956","angeles",3
"957","ans",3
"958","anymore",3
"959","apac",3
"960","app",3
"961","aqu",3
"962","archi",3
"963","argue",3
"964","arizona",3
"965","askmoreofhim",3
"966","athletic",3
"967","author",3
"968","av",3
"969","avez",3
"970","awalt",3
"971","backdrop",3
"972","bad",3
"973","bais",3
"974","bakom",3
"975","banassaultweapons",3
"976","base",3
"977","beating",3
"978","beginning",3
"979","besoin",3
"980","biasedlaw",3
"981","biasedsociety",3
"982","bite",3
"983","bitter",3
"984","blackgirlsrock",3
"985","blinks",3
"986","blir",3
"987","boaa",3
"988","boilerplate",3
"989","books",3
"990","bookstore",3
"991","boss",3
"992","break",3
"993","brook",3
"994","c'est",3
"995","c'qu'elle",3
"996","campus",3
"997","cannabiscommunity",3
"998","captures",3
"999","cat",3
"1000","catholic",3
"1001","catholicchurch",3
"1002","cbdoil",3
"1003","censorship",3
"1004","championed",3
"1005","changemaker",3
"1006","changing",3
"1007","childrensbooks",3
"1008","claimed",3
"1009","clergytoo",3
"1010","cnn",3
"1011","colluding",3
"1012","color",3
"1013","compared",3
"1014","compassionate",3
"1015","comprehensive",3
"1016","condemnation",3
"1017","congressman",3
"1018","conocido",3
"1019","consensual",3
"1020","consent",3
"1021","consented",3
"1022","constitutional",3
"1023","contest",3
"1024","continues",3
"1025","conversar",3
"1026","cost",3
"1027","costumes",3
"1028","couple",3
"1029","courageous",3
"1030","create",3
"1031","creative",3
"1032","cried",3
"1033","crimehasnogender",3
"1034","criminals",3
"1035","cristina",3
"1036","critisizes",3
"1037","crushing",3
"1038","darling",3
"1039","dcsolar200",3
"1040","dealt",3
"1041","democratic",3
"1042","dems",3
"1043","den",3
"1044","des",3
"1045","dick",3
"1046","difference",3
"1047","disabilities",3
"1048","discrepancy",3
"1049","dit",3
"1050","diversity",3
"1051","dm",3
"1052","domesticabuse",3
"1053","donc",3
"1054","donde",3
"1055","drawing",3
"1056","dreary",3
"1057","dunno",3
"1058","ela",3
"1059","elemed",3
"1060","embracingmyself",3
"1061","emotional",3
"1062","empowered",3
"1063","engarzan",3
"1064","enjoyment",3
"1065","enthusiastic",3
"1066","entitled",3
"1067","estar",3
"1068","evangelicals",3
"1069","exposed",3
"1070","failing",3
"1071","familial",3
"1072","fashion",3
"1073","favour",3
"1074","fbr",3
"1075","featured",3
"1076","feel",3
"1077","fellow",3
"1078","felony",3
"1079","femen",3
"1080","feminazis",3
"1081","fest",3
"1082","fields",3
"1083","figures",3
"1084","financial",3
"1085","finishing",3
"1086","flag",3
"1087","flying",3
"1088","forces",3
"1089","forgive",3
"1090","form",3
"1091","france",3
"1092","fraude",3
"1093","freedom",3
"1094","fresh",3
"1095","friska",3
"1096","fsc",3
"1097","fucking",3
"1098","fui",3
"1099","fused",3
"1100","garcia",3
"1101","gbv",3
"1102","genderwar",3
"1103","girlscandoanything",3
"1104","gra",3
"1105","greatawakening",3
"1106","guardian",3
"1107","guardians",3
"1108","haiti",3
"1109","han",3
"1110","hand",3
"1111","handling",3
"1112","harassme",3
"1113","hatespeech",3
"1114","hear",3
"1115","heforshe",3
"1116","hemp",3
"1117","hmm",3
"1118","hollaback",3
"1119","houthi",3
"1120","hurt",3
"1121","hypocritical",3
"1122","ibelieveyou",3
"1123","iced",3
"1124","ignoring",3
"1125","illustration",3
"1126","incredibly",3
"1127","indivisible",3
"1128","infamously",3
"1129","injustice",3
"1130","innocent",3
"1131","intellectual",3
"1132","intervention",3
"1133","invitada",3
"1134","iranian",3
"1135","issues",3
"1136","istandwithalexis",3
"1137","jailed",3
"1138","jamaissanselles",3
"1139","japan",3
"1140","jjchc2018",3
"1141","joining",3
"1142","juste",3
"1143","justice",3
"1144","karnas",3
"1145","kidstoo",3
"1146","kimmel",3
"1147","knight",3
"1148","lawmaker",3
"1149","lawyer",3
"1150","lawyers",3
"1151","leadership",3
"1152","leave",3
"1153","lecturing",3
"1154","leftist",3
"1155","lesson",3
"1156","light",3
"1157","likes",3
"1158","likewise",3
"1159","linda",3
"1160","listen",3
"1161","lol",3
"1162","lutte",3
"1163","majority",3
"1164","makestotalsense",3
"1165","mal",3
"1166","manners",3
"1167","manque",3
"1168","marie",3
"1169","mc",3
"1170","mccarthyism",3
"1171","meaa",3
"1172","measuring",3
"1173","meets",3
"1174","memoriam",3
"1175","mentoo",3
"1176","message",3
"1177","mgtow",3
"1178","mieux",3
"1179","ministe",3
"1180","minnows",3
"1181","minutes",3
"1182","misandry",3
"1183","missing",3
"1184","mo",3
"1185","mogul",3
"1186","moon's",3
"1187","moral",3
"1188","mottar",3
"1189","mras",3
"1190","mueller",3
"1191","nawalt",3
"1192","nayarit",3
"1193","ncia",3
"1194","ndas",3
"1195","nevereversleep",3
"1196","nightmares",3
"1197","nights",3
"1198","nolimits",3
"1199","northphilly",3
"1200","nos",3
"1201","nyt",3
"1202","offers",3
"1203","opponent",3
"1204","organized",3
"1205","paid",3
"1206","paper",3
"1207","paternity",3
"1208","pcq",3
"1209","peace",3
"1210","pence",3
"1211","percent",3
"1212","perpetuating",3
"1213","person",3
"1214","persue",3
"1215","pledge",3
"1216","poem",3
"1217","pol",3
"1218","political",3
"1219","politics",3
"1220","porn",3
"1221","possibility",3
"1222","pound",3
"1223","powerfu",3
"1224","predicted",3
"1225","presentation",3
"1226","presidentsday2018",3
"1227","pressforprogress",3
"1228","pretend",3
"1229","proclaims",3
"1230","professional",3
"1231","program",3
"1232","protestor",3
"1233","proud",3
"1234","provide",3
"1235","pushing",3
"1236","pussyhats",3
"1237","putin",3
"1238","qanon8chan",3
"1239","quo",3
"1240","rabbit",3
"1241","ramsay's",3
"1242","random",3
"1243","raped",3
"1244","rdspriset",3
"1245","reading",3
"1246","realise",3
"1247","rebuttal",3
"1248","redpill",3
"1249","rejected",3
"1250","relati",3
"1251","relational",3
"1252","renowned",3
"1253","requir",3
"1254","rerna",3
"1255","resigns",3
"1256","respected",3
"1257","respecthumannotgender",3
"1258","response",3
"1259","restaurant",3
"1260","rice",3
"1261","risked",3
"1262","ro",3
"1263","role",3
"1264","rose",3
"1265","rubbish",3
"1266","rule",3
"1267","ruling",3
"1268","s.korea",3
"1269","sad",3
"1270","safer",3
"1271","saintmsg_initiative16",3
"1272","salaries",3
"1273","scandal",3
"1274","schoolgirls",3
"1275","schools",3
"1276","screw",3
"1277","sense",3
"1278","shake",3
"1279","shining",3
"1280","silent",3
"1281","sjukv",3
"1282","slept",3
"1283","snagged",3
"1284","sobre",3
"1285","society",3
"1286","speakup",3
"1287","spends",3
"1288","spiritual",3
"1289","spout",3
"1290","staffer",3
"1291","stands",3
"1292","star",3
"1293","start",3
"1294","starts",3
"1295","statistics",3
"1296","status",3
"1297","stayed",3
"1298","steelhead",3
"1299","stony",3
"1300","stopped",3
"1301","stormydaniels",3
"1302","strength",3
"1303","student",3
"1304","suffragette",3
"1305","supports",3
"1306","talked",3
"1307","tammy",3
"1308","temas",3
"1309","thighs",3
"1310","threatening",3
"1311","tid",3
"1312","timeisnow",3
"1313","timeline",3
"1314","tonight",3
"1315","topics",3
"1316","tortured",3
"1317","toxic",3
"1318","trailblazer",3
"1319","traitors",3
"1320","transgression",3
"1321","treatment",3
"1322","trolls",3
"1323","trust",3
"1324","tu",3
"1325","tuesday",3
"1326","tw",3
"1327","uncomfortable",3
"1328","unfairly",3
"1329","unhackthevote",3
"1330","unicorn",3
"1331","ur",3
"1332","ut",3
"1333","utantystnadsplikt",3
"1334","vile",3
"1335","vill",3
"1336","voc",3
"1337","vous",3
"1338","vrai",3
"1339","wannabe",3
"1340","web",3
"1341","whoppers",3
"1342","wife",3
"1343","willingly",3
"1344","win",3
"1345","womans",3
"1346","womensupportingwomen",3
"1347","yesallwomen",3
"1348","yg",3
"1349","york",3
"1350","_2_3_",2
"1351","_34_",2
"1352","_we",2
"1353","039",2
"1354","09",2
"1355","110",2
"1356","1133",2
"1357","14th",2
"1358","1991",2
"1359","1991_",2
"1360","23",2
"1361","27",2
"1362","2a",2
"1363","2ne1",2
"1364","3_8_",2
"1365","3.8",2
"1366","30pm",2
"1367","34",2
"1368","45",2
"1369","4th",2
"1370","70s",2
"1371","8_",2
"1372","8th",2
"1373","9_",2
"1374","a.nd",2
"1375","abduction",2
"1376","abolishsol",2
"1377","abubaker",2
"1378","abusador",2
"1379","abusos",2
"1380","acknowledging",2
"1381","activist",2
"1382","actress",2
"1383","actriz",2
"1384","add",2
"1385","affairs",2
"1386","affected",2
"1387","ages",2
"1388","aidtoo",2
"1389","albany",2
"1390","alberta",2
"1391","alexander",2
"1392","allen",2
"1393","ally",2
"1394","amendment",2
"1395","anchor",2
"1396","anthonydesantis",2
"1397","anyyywaaay",2
"1398","apa2",2
"1399","apparent",2
"1400","applied",2
"1401","arch",2
"1402","arrested",2
"1403","articulate",2
"1404","artista",2
"1405","asia",2
"1406","ass",2
"1407","assailants",2
"1408","attempt",2
"1409","attempted",2
"1410","attempts",2
"1411","attitudes",2
"1412","auch",2
"1413","availability",2
"1414","banning",2
"1415","bannon",2
"1416","bans",2
"1417","bari",2
"1418","bear",2
"1419","beautifully",2
"1420","beh",2
"1421","behavior",2
"1422","bel",2
"1423","believewomen",2
"1424","bent",2
"1425","ber",2
"1426","berast",2
"1427","berlin",2
"1428","beschwert",2
"1429","beviser",2
"1430","bien",2
"1431","bile",2
"1432","blatantly",2
"1433","blue",2
"1434","bokoharam",2
"1435","boleh",2
"1436","bought",2
"1437","boundar",2
"1438","brain",2
"1439","brand",2
"1440","branding",2
"1441","brasileiras",2
"1442","bringourgirlsback",2
"1443","btfunktioniertwirklichdiewebsite",2
"1444","buildthewall",2
"1445","bullshit",2
"1446","bumble",2
"1447","bump",2
"1448","burke",2
"1449","buttons",2
"1450","cabinet",2
"1451","call",2
"1452","calles",2
"1453","calunnia",2
"1454","campaigns",2
"1455","canadian",2
"1456","capital",2
"1457","career",2
"1458","carlos",2
"1459","cast",2
"1460","catalunya",2
"1461","ccctrain",2
"1462","cdnpoli",2
"1463","centre",2
"1464","cerca",2
"1465","changetheratio",2
"1466","changin",2
"1467","charlotte",2
"1468","check",2
"1469","chief",2
"1470","childrapist",2
"1471","cinema",2
"1472","civil",2
"1473","claro",2
"1474","class",2
"1475","club",2
"1476","clue",2
"1477","clutching",2
"1478","coercion",2
"1479","colorado",2
"1480","competency",2
"1481","complain",2
"1482","complicado",2
"1483","comunicaci",2
"1484","confession",2
"1485","confirmed",2
"1486","confuse",2
"1487","congrats",2
"1488","connection",2
"1489","connie",2
"1490","conscience",2
"1491","consecuencia",2
"1492","consensuado",2
"1493","contacts",2
"1494","contempt",2
"1495","contributors",2
"1496","control",2
"1497","cope",2
"1498","core",2
"1499","counts",2
"1500","created",2
"1501","cross",2
"1502","csa",2
"1503","ctimas",2
"1504","cuomo",2
"1505","cut",2
"1506","cute",2
"1507","damage",2
"1508","dass",2
"1509","date",2
"1510","davis",2
"1511","debuted",2
"1512","declare",2
"1513","degree",2
"1514","dej",2
"1515","dels",2
"1516","demands",2
"1517","denied",2
"1518","denouncing",2
"1519","denunci",2
"1520","denunciar",2
"1521","department",2
"1522","deplorables",2
"1523","desconeguts",2
"1524","detect",2
"1525","dgn",2
"1526","died",2
"1527","diffamazione",2
"1528","dio",2
"1529","diplomats",2
"1530","directors",2
"1531","dirogol",2
"1532","discouraged",2
"1533","discredits",2
"1534","discussing",2
"1535","distrust",2
"1536","ditindas",2
"1537","dmitry",2
"1538","dones",2
"1539","dougford",2
"1540","drama",2
"1541","dreamer",2
"1542","dressed",2
"1543","drums",2
"1544","drusilla",2
"1545","dudes",2
"1546","due",2
"1547","dylan",2
"1548","e.quals",2
"1549","earlier",2
"1550","easily",2
"1551","effects",2
"1552","efter",2
"1553","email",2
"1554","emerging",2
"1555","empathy",2
"1556","employee",2
"1557","empo",2
"1558","encounter",2
"1559","entrepreneurs",2
"1560","environmentalism",2
"1561","evaluation",2
"1562","exempt",2
"1563","exigir",2
"1564","exist",2
"1565","existent",2
"1566","experimentalmusic",2
"1567","explain",2
"1568","eyesonyougot7",2
"1569","fallon",2
"1570","familles",2
"1571","famoso",2
"1572","feb",2
"1573","federal",2
"1574","feeling",2
"1575","feminicida",2
"1576","feminis",2
"1577","feminists",2
"1578","fern",2
"1579","festivals",2
"1580","fiftyshadesfreed",2
"1581","file",2
"1582","finrumm",2
"1583","flagrant",2
"1584","flowers",2
"1585","focusedverse",2
"1586","foothill",2
"1587","forced",2
"1588","foreign",2
"1589","forfeiture",2
"1590","forgot",2
"1591","fox",2
"1592","framtidens",2
"1593","fri",2
"1594","friday",2
"1595","fro",2
"1596","fromwherewestand",2
"1597","front",2
"1598","fundamentally",2
"1599","fundraising",2
"1600","gaithersburg",2
"1601","gaji",2
"1602","gan",2
"1603","gaslight",2
"1604","gemeindevertreterin",2
"1605","generations",2
"1606","gesehen",2
"1607","gestern",2
"1608","globalists",2
"1609","gordonramsayisaliar",2
"1610","gripped",2
"1611","gripping",2
"1612","guide",2
"1613","gut",2
"1614","ha",2
"1615","hablemos",2
"1616","hak",2
"1617","hands",2
"1618","harmlose",2
"1619","harvey",2
"1620","haven",2
"1621","hearings",2
"1622","helped",2
"1623","helping",2
"1624","helps",2
"1625","hero",2
"1626","hiding",2
"1627","hill",2
"1628","hillary",2
"1629","himtoo",2
"1630","hit",2
"1631","hogar",2
"1632","hospitals",2
"1633","hvorfor",2
"1634","hyvee",2
"1635","identity",2
"1636","idwp",2
"1637","iheartradio",2
"1638","illusions",2
"1639","image",2
"1640","immense",2
"1641","immigrant",2
"1642","imwiththekids",2
"1643","incesteletabou",2
"1644","incestueuses",2
"1645","include",2
"1646","including",2
"1647","incredible",2
"1648","independent",2
"1649","indictment",2
"1650","indiefilm",2
"1651","industrial",2
"1652","infringements",2
"1653","inquiries",2
"1654","inside",2
"1655","inspirational",2
"1656","internet",2
"1657","intimidation",2
"1658","intresserade",2
"1659","ironically",2
"1660","islam",2
"1661","israel",2
"1662","iwd18",2
"1663","j.ustice",2
"1664","jail",2
"1665","jane",2
"1666","jerome",2
"1667","jillian",2
"1668","jim",2
"1669","juan",2
"1670","judge",2
"1671","justintrudeau",2
"1672","karma",2
"1673","kein",2
"1674","knifepoint",2
"1675","kobe",2
"1676","kpd",2
"1677","kpol",2
"1678","kr",2
"1679","kristen",2
"1680","kroymann",2
"1681","kume954",2
"1682","kunstwerke",2
"1683","l'assetjament",2
"1684","labels",2
"1685","laboral",2
"1686","laments",2
"1687","larrysin",2
"1688","late",2
"1689","latinoam",2
"1690","laws",2
"1691","leash",2
"1692","leaving",2
"1693","led",2
"1694","lee",2
"1695","legal",2
"1696","lelaki",2
"1697","letting",2
"1698","liarliarpantsonfire",2
"1699","lie",2
"1700","lies",2
"1701","lleg",2
"1702","llig",2
"1703","load",2
"1704","lobbyist",2
"1705","lookingfornews",2
"1706","lost",2
"1707","lots",2
"1708","loveeveryonealways",2
"1709","lovers",2
"1710","lovethineenemies",2
"1711","lucky",2
"1712","lynch",2
"1713","m.arijuana",2
"1714","ma",2
"1715","mag",2
"1716","maher",2
"1717","mail",2
"1718","males",2
"1719","maltraitantes",2
"1720","manager",2
"1721","mandhane",2
"1722","marah",2
"1723","marchers",2
"1724","marches",2
"1725","markmin",2
"1726","maryland",2
"1727","masculinity",2
"1728","massive",2
"1729","matters",2
"1730","medios",2
"1731","membawa",2
"1732","memo",2
"1733","merced",2
"1734","michael",2
"1735","miles",2
"1736","military",2
"1737","mims",2
"1738","minded",2
"1739","minister",2
"1740","misconduct",2
"1741","mistake",2
"1742","mit",2
"1743","mocked",2
"1744","model",2
"1745","monika",2
"1746","month",2
"1747","moore",2
"1748","mosque",2
"1749","movies",2
"1750","movimientos",2
"1751","muchos",2
"1752","mustread",2
"1753","muy",2
"1754","narrative",2
"1755","nasty",2
"1756","native",2
"1757","nba",2
"1758","ndez",2
"1759","nemesis",2
"1760","newapple",2
"1761","nez",2
"1762","nfl",2
"1763","ni",2
"1764","nice",2
"1765","nicht",2
"1766","nj",2
"1767","nobannowall",2
"1768","noisemusic",2
"1769","nojento",2
"1770","nondisabled",2
"1771","nopo",2
"1772","normality",2
"1773","norms",2
"1774","nov",2
"1775","nunes",2
"1776","nuns",2
"1777","nurses",2
"1778","nypasscva",2
"1779","oakland",2
"1780","official",2
"1781","oneless",2
"1782","onpoli",2
"1783","oo",2
"1784","oprah",2
"1785","opt",2
"1786","ordnet",2
"1787","oregon",2
"1788","organizing",2
"1789","orth",2
"1790","os",2
"1791","oslo",2
"1792","pakistan",2
"1793","papel",2
"1794","papers",2
"1795","paradise",2
"1796","parents",2
"1797","passa",2
"1798","pastor",2
"1799","patriots",2
"1800","pdx",2
"1801","pearls",2
"1802","physical",2
"1803","pillock",2
"1804","plea",2
"1805","pode",2
"1806","podr",2
"1807","poll",2
"1808","polls",2
"1809","popped",2
"1810","pot",2
"1811","pourtant",2
"1812","predator",2
"1813","pregnant",2
"1814","prejuicio",2
"1815","prevent",2
"1816","previously",2
"1817","pride",2
"1818","privately",2
"1819","privilege",2
"1820","prize",2
"1821","process",2
"1822","promotes",2
"1823","protectcom",2
"1824","protecting",2
"1825","protector",2
"1826","prudery",2
"1827","ps",2
"1828","pst",2
"1829","pub",2
"1830","publicsafety",2
"1831","puttar",2
"1832","qu",2
"1833","qualquer",2
"1834","quickly",2
"1835","race",2
"1836","rail",2
"1837","rajah",2
"1838","rallynyc",2
"1839","rap",2
"1840","raping",2
"1841","rapist",2
"1842","rate",2
"1843","reaches",2
"1844","reaching",2
"1845","reagan",2
"1846","reason",2
"1847","recalls",2
"1848","recruit",2
"1849","redes",2
"1850","regrets",2
"1851","relsens",2
"1852","renu",2
"1853","repeat",2
"1854","reply",2
"1855","reprimanded",2
"1856","requiring",2
"1857","resign",2
"1858","resisters",2
"1859","respeto",2
"1860","reveal",2
"1861","revealed",2
"1862","rewrite",2
"1863","rgermeister",2
"1864","rica",2
"1865","rich",2
"1866","ride",2
"1867","ridiculous",2
"1868","ring",2
"1869","rostro",2
"1870","roy",2
"1871","rug",2
"1872","rumours",2
"1873","russia's",2
"1874","s.uccess",2
"1875","samarata",2
"1876","sandeul",2
"1877","sandeul's",2
"1878","sapientrazorfish",2
"1879","sassy",2
"1880","sat",2
"1881","sativa",2
"1882","saturdaymotivation",2
"1883","scandals",2
"1884","school",2
"1885","science",2
"1886","score",2
"1887","seja",2
"1888","sekiranya",2
"1889","semblance",2
"1890","sermon",2
"1891","served",2
"1892","sexo",2
"1893","sexualassaultsurvivors",2
"1894","sez",2
"1895","shetalksasia",2
"1896","shuts",2
"1897","shy",2
"1898","sich",2
"1899","sido",2
"1900","significant",2
"1901","sing",2
"1902","single",2
"1903","situations",2
"1904","sixties",2
"1905","sk",2
"1906","skal",2
"1907","snag",2
"1908","socialist",2
"1909","sofian",2
"1910","solidarity2018",2
"1911","songs",2
"1912","sos",2
"1913","soulful",2
"1914","souls",2
"1915","sp",2
"1916","speech",2
"1917","spousal",2
"1918","spread",2
"1919","stabbed",2
"1920","stable",2
"1921","staff",2
"1922","stagings",2
"1923","standar",2
"1924","standards",2
"1925","started",2
"1926","statetoo",2
"1927","stay",2
"1928","sten",2
"1929","steve",2
"1930","stirring",2
"1931","stock",2
"1932","stopprescription",2
"1933","strive",2
"1934","struggles",2
"1935","subject",2
"1936","submission",2
"1937","suggest",2
"1938","suic",2
"1939","suit",2
"1940","suka",2
"1941","sumaya",2
"1942","sun",2
"1943","surgido",2
"1944","surrounded",2
"1945","surrounding",2
"1946","swept",2
"1947","swinging",2
"1948","talk",2
"1949","tambi",2
"1950","tambourines",2
"1951","tank",2
"1952","taophiangphor",2
"1953","tema",2
"1954","territoris",2
"1955","testimonio",2
"1956","thisisnotworking",2
"1957","throw",2
"1958","tiada",2
"1959","tidak",2
"1960","tiene",2
"1961","tiny",2
"1962","tipo",2
"1963","tips",2
"1964","tomamos",2
"1965","tonigh",2
"1966","tonite",2
"1967","toolate",2
"1968","topic",2
"1969","toys",2
"1970","trauma's",2
"1971","traveling",2
"1972","trial",2
"1973","trigger",2
"1974","trump's",2
"1975","trumps",2
"1976","trumptreason",2
"1977","truths",2
"1978","tsunami",2
"1979","twelve",2
"1980","um",2
"1981","understanding",2
"1982","united",2
"1983","unleashed",2
"1984","unwanted",2
"1985","updates",2
"1986","upprop",2
"1987","urges",2
"1988","url",2
"1989","users",2
"1990","ustoo",2
"1991","vad",2
"1992","valuevictims",2
"1993","vatican",2
"1994","vazquez",2
"1995","verify",2
"1996","vida",2
"1997","views",2
"1998","vigilance",2
"1999","viol",2
"2000","violaci",2
"2001","violation",2
"2002","virtuoso",2
"2003","voteth",2
"2004","vulnerability",2
"2005","wanda",2
"2006","wanna",2
"2007","warning",2
"2008","watching",2
"2009","wave",2
"2010","wed",2
"2011","wednesday",2
"2012","weedstagram",2
"2013","weirdo",2
"2014","weise",2
"2015","weiss",2
"2016","wetoojapan",2
"2017","whistled",2
"2018","whoa",2
"2019","wiig",2
"2020","willy",2
"2021","wit",2
"2022","wm",2
"2023","wme",2
"2024","womenofnyc",2
"2025","womenshistorymonth2018",2
"2026","woody",2
"2027","workers",2
"2028","worried",2
"2029","worst",2
"2030","writing",2
"2031","written",2
"2032","ww3",2
"2033","xico",2
"2034","youth",2
"2035","youth.council",2
"2036","_3_9",1
"2037","_dotaera",1
"2038","_penguin's",1
"2039","_wetoo_",1
"2040","0.00",1
"2041","0.00001",1
"2042","100s",1
"2043","11,154",1
"2044","114_",1
"2045","126",1
"2046","128,000",1
"2047","1980s",1
"2048","1u",1
"2049","2009",1
"2050","2011",1
"2051","224",1
"2052","283",1
"2053","2discredit",1
"2054","2nd",1
"2055","30c",1
"2056","30minutstv3",1
"2057","36",1
"2058","4111",1
"2059","432hz",1
"2060","44",1
"2061","45_",1
"2062","5_",1
"2063","5253",1
"2064","528hz",1
"2065","55",1
"2066","58th",1
"2067","5th",1
"2068","6'3",1
"2069","60",1
"2070","70",1
"2071","798",1
"2072","7pm",1
"2073","800",1
"2074","833",1
"2075","8m",1
"2076","9,735",1
"2077","aarp",1
"2078","abandoned",1
"2079","abiding",1
"2080","abject",1
"2081","aboliamo",1
"2082","absolut",1
"2083","abusive",1
"2084","acceptable",1
"2085","accolades",1
"2086","accountability",1
"2087","accountable",1
"2088","accusations",1
"2089","accuses",1
"2090","achievers",1
"2091","acid",1
"2092","acredita",1
"2093","ada",1
"2094","adam",1
"2095","address",1
"2096","administra",1
"2097","admit",1
"2098","advances",1
"2099","advancing",1
"2100","advogado",1
"2101","affair",1
"2102","affleck",1
"2103","africa",1
"2104","aggrandizement",1
"2105","ahorcado",1
"2106","al",1
"2107","alien",1
"2108","alla",1
"2109","allusion",1
"2110","aloy",1
"2111","alphawave",1
"2112","alto",1
"2113","aluminum",1
"2114","aly",1
"2115","amarch4ourlives",1
"2116","americafor",1
"2117","andreaorlando",1
"2118","anitahill",1
"2119","anne",1
"2120","announce",1
"2121","anonymous",1
"2122","answer",1
"2123","antibullying",1
"2124","appears",1
"2125","appreciates",1
"2126","approximately",1
"2127","archival",1
"2128","arg",1
"2129","armageddon",1
"2130","armalite",1
"2131","ashley",1
"2132","asi",1
"2133","assaul",1
"2134","assaults",1
"2135","asses",1
"2136","atrav",1
"2137","attend",1
"2138","attendees",1
"2139","attitude",1
"2140","auge",1
"2141","augean",1
"2142","auspol",1
"2143","aussi",1
"2144","australia",1
"2145","auth",1
"2146","autocrats",1
"2147","avvocato",1
"2148","awkward",1
"2149","baby",1
"2150","background",1
"2151","backlash",1
"2152","badge",1
"2153","banana",1
"2154","banged",1
"2155","basic",1
"2156","basta",1
"2157","bc",1
"2158","beg",1
"2159","belleza",1
"2160","bengahzi",1
"2161","berta",1
"2162","bestsellers",1
"2163","bilder",1
"2164","bipartisan",1
"2165","blackhistorymonth",1
"2166","blackpink",1
"2167","blacks",1
"2168","blessed",1
"2169","blesses",1
"2170","blocking",1
"2171","blogpost",1
"2172","blogs",1
"2173","blowing",1
"2174","bluetsunami",1
"2175","boca",1
"2176","bocaraton",1
"2177","bodies",1
"2178","bodypositivity",1
"2179","boletim",1
"2180","bonus",1
"2181","bonuses",1
"2182","booklover",1
"2183","bookreview",1
"2184","booksgs",1
"2185","bookworm",1
"2186","boring",1
"2187","bostonpizza",1
"2188","boundaries",1
"2189","boycottoscars",1
"2190","brains",1
"2191","brainwashing",1
"2192","branschf",1
"2193","bredesen",1
"2194","breeder_",1
"2195","brings",1
"2196","britain",1
"2197","broken",1
"2198","bros",1
"2199","brought",1
"2200","bryant",1
"2201","bucks",1
"2202","buddies",1
"2203","bugger",1
"2204","buildthe",1
"2205","bull",1
"2206","bully",1
"2207","business",1
"2208","cale",1
"2209","calmly",1
"2210","camp",1
"2211","cappio",1
"2212","care",1
"2213","casey",1
"2214","ccot",1
"2215","celo",1
"2216","centered",1
"2217","centro",1
"2218","ceres",1
"2219","chance",1
"2220","chant",1
"2221","char",1
"2222","charge",1
"2223","charity",1
"2224","che",1
"2225","checks",1
"2226","chi",1
"2227","childhoodcan",1
"2228","childvictims",1
"2229","childvictimsact",1
"2230","churches",1
"2231","cine",1
"2232","circulate",1
"2233","circulating",1
"2234","city",1
"2235","civilengineer",1
"2236","cl",1
"2237","cleansing",1
"2238","cleared",1
"2239","cleats",1
"2240","cleavage",1
"2241","clients",1
"2242","climatechange",1
"2243","clitoris",1
"2244","clobber",1
"2245","clubs",1
"2246","codeofvets",1
"2247","coexist",1
"2248","coi",1
"2249","col",1
"2250","collusion",1
"2251","column",1
"2252","cometidos",1
"2253","coming",1
"2254","compartir",1
"2255","complete",1
"2256","complimenti",1
"2257","computer",1
"2258","concocted",1
"2259","condanne",1
"2260","confident",1
"2261","constantly",1
"2262","consume",1
"2263","convention",1
"2264","conviction",1
"2265","coogee",1
"2266","coolest",1
"2267","cops",1
"2268","coreanas",1
"2269","corey",1
"2270","corruption",1
"2271","couldn",1
"2272","count",1
"2273","countries",1
"2274","courage",1
"2275","covers",1
"2276","coverup",1
"2277","coward",1
"2278","cr",1
"2279","creates",1
"2280","credibility",1
"2281","crime",1
"2282","crimes",1
"2283","crusade",1
"2284","crusaders",1
"2285","cry",1
"2286","ctv",1
"2287","culture",1
"2288","cuts",1
"2289","daca",1
"2290","daje",1
"2291","damsel",1
"2292","danger",1
"2293","dare",1
"2294","daterape",1
"2295","dccomics",1
"2296","death",1
"2297","debunks",1
"2298","decided",1
"2299","deeply",1
"2300","definition",1
"2301","denuncias",1
"2302","depression",1
"2303","deptofdefense",1
"2304","description",1
"2305","dessv",1
"2306","detective",1
"2307","development",1
"2308","devilsplayground",1
"2309","diga",1
"2310","din",1
"2311","directing",1
"2312","diritto",1
"2313","disabled",1
"2314","disarmdemocrats",1
"2315","discuss",1
"2316","disgusting",1
"2317","disgustingly",1
"2318","diskuterade",1
"2319","disregard",1
"2320","distress",1
"2321","diumenge",1
"2322","django",1
"2323","doctor",1
"2324","domainforsale",1
"2325","donald",1
"2326","donate",1
"2327","donation",1
"2328","donna",1
"2329","door",1
"2330","dot",1
"2331","doubts",1
"2332","douchebag",1
"2333","doug",1
"2334","downtown",1
"2335","dqr",1
"2336","dqrinforma",1
"2337","dr",1
"2338","drew",1
"2339","dropbox",1
"2340","drschultz",1
"2341","dumbest",1
"2342","duper's",1
"2343","dynamic",1
"2344","earn",1
"2345","edmonton",1
"2346","efforts",1
"2347","elle",1
"2348","elles",1
"2349","embrace",1
"2350","empa",1
"2351","employees",1
"2352","employer",1
"2353","employment",1
"2354","empower",1
"2355","endnurseabuse",1
"2356","engagera",1
"2357","enjoy",1
"2358","enormous",1
"2359","ensure",1
"2360","ent",1
"2361","envelope",1
"2362","equalrights",1
"2363","est",1
"2364","estado",1
"2365","estamos",1
"2366","eventually",1
"2367","everytown",1
"2368","ew's",1
"2369","exception",1
"2370","exclusive",1
"2371","exhibition",1
"2372","exists",1
"2373","expect",1
"2374","expensively",1
"2375","experience",1
"2376","explicit",1
"2377","exploited",1
"2378","expose",1
"2379","exposetheleft",1
"2380","eyes",1
"2381","faccio",1
"2382","falando",1
"2383","false",1
"2384","falseaccuse",1
"2385","falta",1
"2386","falzon",1
"2387","family's",1
"2388","famosos",1
"2389","famous",1
"2390","fandangonow",1
"2391","fanning",1
"2392","fantasies",1
"2393","farms",1
"2394","fascism",1
"2395","fascismo",1
"2396","fatigue",1
"2397","favor",1
"2398","favorite",1
"2399","fazer",1
"2400","fbi",1
"2401","fbresistance",1
"2402","fbrparty",1
"2403","fcking",1
"2404","february",1
"2405","feldman",1
"2406","felonious",1
"2407","feminicios",1
"2408","feminismen",1
"2409","femminile",1
"2410","fgm",1
"2411","fiction",1
"2412","fight",1
"2413","files",1
"2414","filmes",1
"2415","filmmakers",1
"2416","finalmente",1
"2417","fingers",1
"2418","fino",1
"2419","firearm",1
"2420","fired",1
"2421","firesessions",1
"2422","flashbackfriday",1
"2423","fleming",1
"2424","follow",1
"2425","ford",1
"2426","forma",1
"2427","fragile",1
"2428","fraveng",1
"2429","friend",1
"2430","frm",1
"2431","fuck",1
"2432","fun",1
"2433","gaeko",1
"2434","gagop",1
"2435","gala",1
"2436","gangrape",1
"2437","gapol",1
"2438","gary",1
"2439","gathering",1
"2440","gemeinderatssitzung",1
"2441","geniusyoongiday",1
"2442","gi",1
"2443","gibs",1
"2444","gimme",1
"2445","girlpowernow",1
"2446","gli",1
"2447","globalization",1
"2448","goddamn",1
"2449","goptaxscam",1
"2450","gorna",1
"2451","got7",1
"2452","grab",1
"2453","gracias",1
"2454","grew",1
"2455","grooming",1
"2456","groped",1
"2457","ground",1
"2458","grow",1
"2459","guarantee",1
"2460","gunsdontkill",1
"2461","habla",1
"2462","hacer",1
"2463","hallado",1
"2464","hamas",1
"2465","hang",1
"2466","hannity",1
"2467","happen",1
"2468","happening",1
"2469","har",1
"2470","harder",1
"2471","harms",1
"2472","harttohart",1
"2473","hat",1
"2474","hawa",1
"2475","hawai",1
"2476","healing",1
"2477","hearts",1
"2478","heatherhey",1
"2479","herstoryourstory",1
"2480","heswipedright",1
"2481","highschool",1
"2482","hillaryfanclub",1
"2483","hint",1
"2484","hints",1
"2485","hips",1
"2486","hitting",1
"2487","hollo",1
"2488","hong",1
"2489","hoping",1
"2490","hosting",1
"2491","hotel",1
"2492","hr",1
"2493","htt",1
"2494","huge",1
"2495","humanrights",1
"2496","humble",1
"2497","hundreds",1
"2498","husband",1
"2499","hushed",1
"2500","hypocrite",1
"2501","iar",1
"2502","idol",1
"2503","idols",1
"2504","iftwitterwereanoffice",1
"2505","illegal",1
"2506","imagine",1
"2507","imajin",1
"2508","immediately",1
"2509","impact",1
"2510","impulsan",1
"2511","imwithher",1
"2512","inaccurate",1
"2513","inadvertently",1
"2514","inappropriate",1
"2515","inclusive",1
"2516","incompetence",1
"2517","increases",1
"2518","indiaonfasttrack",1
"2519","indigenous",1
"2520","individuals",1
"2521","indystar",1
"2522","inequities",1
"2523","infamy",1
"2524","inherently",1
"2525","innovation",1
"2526","insight",1
"2527","insights",1
"2528","inspiration",1
"2529","instrucciones",1
"2530","insult",1
"2531","integrity",1
"2532","intelligence",1
"2533","intende",1
"2534","interference",1
"2535","intern",1
"2536","internationa",1
"2537","internationalwomenday2018",1
"2538","internetbillofrights",1
"2539","intersectional",1
"2540","investigating",1
"2541","investigation",1
"2542","investigative",1
"2543","ip",1
"2544","iron",1
"2545","ironic",1
"2546","isis",1
"2547","items",1
"2548","jag",1
"2549","japanoise",1
"2550","jeder",1
"2551","jersey",1
"2552","jimmykimmel",1
"2553","jobs",1
"2554","jointhenra",1
"2555","joke",1
"2556","jong",1
"2557","jos",1
"2558","jotamb",1
"2559","journalists",1
"2560","judd",1
"2561","juego",1
"2562","jules",1
"2563","julien",1
"2564","june",1
"2565","justsayin",1
"2566","kai",1
"2567","kallas",1
"2568","kan",1
"2569","katsumi",1
"2570","katyperry",1
"2571","ker",1
"2572","kevin",1
"2573","kill",1
"2574","kille",1
"2575","kim",1
"2576","knowing",1
"2577","kong",1
"2578","kpop",1
"2579","krogen",1
"2580","kunna",1
"2581","kvinnor",1
"2582","kwiatkowski",1
"2583","kwon",1
"2584","l'esplosione",1
"2585","l'impunit",1
"2586","lamazelive",1
"2587","lamp",1
"2588","lane_rys18",1
"2589","larry",1
"2590","larrysinclair",1
"2591","latestcomments",1
"2592","latinoamerica",1
"2593","laundry",1
"2594","layers",1
"2595","leader",1
"2596","leaked",1
"2597","learned",1
"2598","leer",1
"2599","legend",1
"2600","leggi",1
"2601","lei",1
"2602","len",1
"2603","letters",1
"2604","lg",1
"2605","lgbtaction",1
"2606","lgbtq",1
"2607","liar",1
"2608","licked",1
"2609","lieu",1
"2610","lifeguard",1
"2611","lifei",1
"2612","lifestyle",1
"2613","likeability",1
"2614","line",1
"2615","littlerock",1
"2616","live",1
"2617","llt",1
"2618","localnews",1
"2619","location",1
"2620","lolita",1
"2621","lols",1
"2622","longa",1
"2623","lov",1
"2624","loveforshiori",1
"2625","lovelace",1
"2626","loving",1
"2627","low",1
"2628","lowest",1
"2629","lsd",1
"2630","ltimas",1
"2631","lysergic",1
"2632","m103",1
"2633","madre",1
"2634","major",1
"2635","maktmissbruk",1
"2636","malaysia",1
"2637","manual",1
"2638","march4ourlives",1
"2639","marchforlife",1
"2640","mario",1
"2641","marisa",1
"2642","markle",1
"2643","marry",1
"2644","mars",1
"2645","martin",1
"2646","marvel's",1
"2647","mary",1
"2648","maryjane",1
"2649","maternal",1
"2650","md",1
"2651","me2",1
"2652","means",1
"2653","meghan",1
"2654","memorial",1
"2655","memoroa",1
"2656","men's",1
"2657","mente",1
"2658","mestiere",1
"2659","mica",1
"2660","mike",1
"2661","milestones",1
"2662","millennials",1
"2663","mine",1
"2664","ministrodigiustizia",1
"2665","minute",1
"2666","missed",1
"2667","missedopportunity",1
"2668","mob",1
"2669","molester",1
"2670","momentum",1
"2671","monday",1
"2672","mondaymotivation",1
"2673","money",1
"2674","monk",1
"2675","monster",1
"2676","morality",1
"2677","morning",1
"2678","morningjoe",1
"2679","moscow's",1
"2680","mouth",1
"2681","moved",1
"2682","movemen",1
"2683","mph",1
"2684","msn",1
"2685","mudaram",1
"2686","mulher",1
"2687","murd",1
"2688","murder",1
"2689","murdershewrote",1
"2690","musicals",1
"2691","mwr2018",1
"2692","mysterio",1
"2693","mysterious",1
"2694","nad",1
"2695","nah",1
"2696","najib",1
"2697","nasser",1
"2698","nastywomen",1
"2699","natal",1
"2700","nate",1
"2701","nationaldayofunplugging",1
"2702","ncialo",1
"2703","necess",1
"2704","negra",1
"2705","netneutrality",1
"2706","newly",1
"2707","ngt",1
"2708","nina",1
"2709","nivelar",1
"2710","nmacolloquium",1
"2711","nocalles",1
"2712","nohomo",1
"2713","nonfiction",1
"2714","nope",1
"2715","normal",1
"2716","nosotras",1
"2717","nosotrasparamos",1
"2718","notallmen",1
"2719","noted",1
"2720","noticed",1
"2721","notmy",1
"2722","notmypresident",1
"2723","novela",1
"2724","nowyou",1
"2725","numerous",1
"2726","nz",1
"2727","obamagate",1
"2728","objectifying",1
"2729","objeto",1
"2730","obnoxious",1
"2731","obtain",1
"2732","ocorr",1
"2733","oecd0oecd",1
"2734","oecd0oecdhttp",1
"2735","oldman",1
"2736","olds",1
"2737","olivia",1
"2738","ombudsman",1
"2739","omg",1
"2740","ondeggia",1
"2741","onem",1
"2742","onemorevote",1
"2743","onpbs",1
"2744","ontario",1
"2745","opinions",1
"2746","opportunity",1
"2747","opposite",1
"2748","oprah's",1
"2749","outnumbered",1
"2750","overrea",1
"2751","overreach",1
"2752","ownership",1
"2753","owns",1
"2754","p.m",1
"2755","p2",1
"2756","pa",1
"2757","page",1
"2758","pantera",1
"2759","paris",1
"2760","parker",1
"2761","passing",1
"2762","passion",1
"2763","pasts",1
"2764","patriarchy",1
"2765","patriotssay",1
"2766","payoff",1
"2767","pcpoldr",1
"2768","pdf",1
"2769","peckpalit",1
"2770","pedophile",1
"2771","penis",1
"2772","peopledo",1
"2773","performer",1
"2774","period",1
"2775","perpetrators",1
"2776","pervert",1
"2777","pests",1
"2778","phd",1
"2779","pi",1
"2780","piensas",1
"2781","pioneer",1
"2782","pity",1
"2783","placing",1
"2784","pleased",1
"2785","pleno",1
"2786","poc",1
"2787","poet_artist",1
"2788","poetrycommunity",1
"2789","poetsofinstagram",1
"2790","polanski",1
"2791","politiker",1
"2792","poppinsmaga",1
"2793","population",1
"2794","poshmark",1
"2795","posttraumaticgrowth",1
"2796","prayfordouglas",1
"2797","premier",1
"2798","presente",1
"2799","president",1
"2800","pretator",1
"2801","pretended",1
"2802","pretense",1
"2803","pretty",1
"2804","probate",1
"2805","processo",1
"2806","producer",1
"2807","producing",1
"2808","programmer",1
"2809","progress",1
"2810","projects",1
"2811","promoting",1
"2812","proof",1
"2813","prosecute",1
"2814","protection",1
"2815","provoking",1
"2816","pss",1
"2817","pta",1
"2818","public",1
"2819","puff",1
"2820","pulse",1
"2821","pussy",1
"2822","qualunquismo",1
"2823","queer",1
"2824","quenopasem",1
"2825","questa",1
"2826","quick",1
"2827","raising",1
"2828","raisman",1
"2829","ran",1
"2830","randall",1
"2831","randomly",1
"2832","rapes",1
"2833","rationales",1
"2834","razak",1
"2835","readers",1
"2836","readersfavorite",1
"2837","realdonaldtrump",1
"2838","realize",1
"2839","reasons",1
"2840","recon",1
"2841","redefine",1
"2842","rednationrising",1
"2843","regolare",1
"2844","rejecting",1
"2845","relations",1
"2846","releasethememo",1
"2847","relevant",1
"2848","religion",1
"2849","relsen",1
"2850","remark",1
"2851","reminder",1
"2852","repealthe8th",1
"2853","reported",1
"2854","reporter",1
"2855","resembles",1
"2856","resignation",1
"2857","resistenlistpersist",1
"2858","resources",1
"2859","responses",1
"2860","restraining",1
"2861","retr",1
"2862","revives",1
"2863","rights.travesty",1
"2864","rinculo",1
"2865","rio",1
"2866","roads",1
"2867","roba",1
"2868","rocked",1
"2869","roman",1
"2870","rompan",1
"2871","roost",1
"2872","roosters",1
"2873","roteirista",1
"2874","rough",1
"2875","rr",1
"2876","rre",1
"2877","rubriken",1
"2878","russia",1
"2879","rv",1
"2880","safety",1
"2881","sandyhookpromise",1
"2882","sarsour",1
"2883","satisfy",1
"2884","saturdaymorning",1
"2885","savvy",1
"2886","scoobydoopapa",1
"2887","scrimshaw",1
"2888","scrive",1
"2889","secret",1
"2890","sedan",1
"2891","seekingperfect",1
"2892","semanas",1
"2893","sensibility",1
"2894","sensitive",1
"2895","serial",1
"2896","set",1
"2897","sexism",1
"2898","sexuais",1
"2899","sexuales",1
"2900","sexualizing",1
"2901","sharing",1
"2902","sheer",1
"2903","shook",1
"2904","shopmycloset",1
"2905","short",1
"2906","should've",1
"2907","shouldnt",1
"2908","sickening",1
"2909","sico",1
"2910","sig",1
"2911","siglo",1
"2912","silencio",1
"2913","silly",1
"2914","simpfenderfer",1
"2915","simplicity",1
"2916","simply",1
"2917","sista",1
"2918","sisterhood",1
"2919","sit",1
"2920","sitt",1
"2921","ska",1
"2922","skatteplaneringsskandalen",1
"2923","skeptical",1
"2924","skrev",1
"2925","sleeping",1
"2926","smakar",1
"2927","smart",1
"2928","smear",1
"2929","snort",1
"2930","sociales",1
"2931","socially",1
"2932","sold",1
"2933","solidarity",1
"2934","solutions",1
"2935","solving",1
"2936","someday",1
"2937","song",1
"2938","sonny",1
"2939","sono",1
"2940","sooo",1
"2941","sophie",1
"2942","space",1
"2943","spacey",1
"2944","specifically",1
"2945","spent",1
"2946","spy",1
"2947","ssen",1
"2948","stables",1
"2949","stalker",1
"2950","stamp",1
"2951","standup4humanrig",1
"2952","standup4humanrights",1
"2953","statements",1
"2954","stato",1
"2955","stopaudeni",1
"2956","stopauxviolencesfaitesauxenfants",1
"2957","stormyda",1
"2958","streamlining",1
"2959","street",1
"2960","streetwalker",1
"2961","strike",1
"2962","strongertogether",1
"2963","stuff",1
"2964","style",1
"2965","superintendent",1
"2966","supposed",1
"2967","surcoreano",1
"2968","surprisingly",1
"2969","surrogate",1
"2970","surveillance",1
"2971","survey",1
"2972","suspicions",1
"2973","swear",1
"2974","tackles",1
"2975","takes",1
"2976","takingaknee",1
"2977","tamara",1
"2978","tar",1
"2979","targeted",1
"2980","targeting",1
"2981","tax",1
"2982","teaches",1
"2983","televisi",1
"2984","telling",1
"2985","tells",1
"2986","temps",1
"2987","terreno",1
"2988","terrorists",1
"2989","testino",1
"2990","thc",1
"2991","therapist",1
"2992","theresi",1
"2993","thisamericanlife",1
"2994","tho",1
"2995","thriller",1
"2996","tico",1
"2997","tiempos",1
"2998","tierra",1
"2999","timeisup",1
"3000","timely",1
"3001","timeup",1
"3002","tinaturner",1
"3003","tire",1
"3004","title",1
"3005","tjej",1
"3006","toilets",1
"3007","totally",1
"3008","toujoursbelle8.1",1
"3009","trakasserier",1
"3010","transcript",1
"3011","transformed",1
"3012","trashbags",1
"3013","trashed",1
"3014","treason",1
"3015","trembling",1
"3016","tremendous",1
"3017","trending",1
"3018","tripping",1
"3019","truer",1
"3020","truest",1
"3021","trum",1
"3022","trumpland",1
"3023","trumplies",1
"3024","trumpshutdown",1
"3025","trumptaxscam",1
"3026","trumpville",1
"3027","truthfully",1
"3028","tsar",1
"3029","tt",1
"3030","ttas",1
"3031","tua",1
"3032","tun",1
"3033","twitterafterdark",1
"3034","typing",1
"3035","uga",1
"3036","ugliness",1
"3037","uk's",1
"3038","unbelievable",1
"3039","unborn",1
"3040","und",1
"3041","undoing",1
"3042","uniform",1
"3043","uniteblue",1
"3044","uniting",1
"3045","uomini",1
"3046","usataxtips",1
"3047","usoc",1
"3048","utan",1
"3049","uts",1
"3050","uve",1
"3051","vagliata",1
"3052","varias",1
"3053","verbal",1
"3054","verh",1
"3055","veteran",1
"3056","vets",1
"3057","viene",1
"3058","villainess",1
"3059","vintage",1
"3060","viralizado",1
"3061","vladimirnabokov",1
"3062","vor",1
"3063","votail100",1
"3064","votethemout",1
"3065","voting",1
"3066","voz",1
"3067","vuelve",1
"3068","vuole",1
"3069","w_",1
"3070","wafula",1
"3071","wage",1
"3072","waistlines",1
"3073","wait",1
"3074","waitforyourlaugh",1
"3075","waiting",1
"3076","wall",1
"3077","walsh:as",1
"3078","wanitabangkit",1
"3079","waragainstopposition",1
"3080","watatatatacoincidence",1
"3081","weakness",1
"3082","wear",1
"3083","weday",1
"3084","welcoming",1
"3085","werden",1
"3086","west",1
"3087","wether",1
"3088","whine",1
"3089","whitingdavis",1
"3090","wide",1
"3091","wilde",1
"3092","wins",1
"3093","wise",1
"3094","with_you",1
"3095","womenrising",1
"3096","womenrock",1
"3097","womensmarchmy",1
"3098","womensmonth",1
"3099","womensrights",1
"3100","worldbookday",1
"3101","worldwide",1
"3102","wrap",1
"3103","x4",1
"3104","xx",1
"3105","ya",1
"3106","yaficton",1
"3107","yea",1
"3108","yejin",1
"3109","youtube",1
"3110","yuppies",1
"3111","yuri",1
"3112","zensur",1
"3113","zu",1
